{
	"Slot29_prestomp_0":  { "File": "additional_frames.bmp", "Rect": "66,1,28,32", "Center": "15,18" },
	"Slot29_prestomp_1":  { "File": "additional_frames.bmp", "Rect": "96,1,29,32", "Center": "15,17" },
	"Slot29_stomp_0":  { "File": "additional_frames.bmp", "Rect": "128,1,30,51", "Center": "16,26" },
	"Slot29_stomp_1":  { "File": "additional_frames.bmp", "Rect": "160,1,30,51", "Center": "16,26" },
	"Slot29_boost_air":  { "File": "additional_frames.bmp", "Rect": "1,1,34,35", "Center": "20,20" },
	"Slot29_wall_latch_r":  { "File": "additional_frames.bmp", "Rect": "38,1,26,43", "Center": "10,20" },
	"Slot29_wall_latch_l":  { "File": "additional_frames.bmp", "Rect": "38,1,26,43", "Center": "11,20" },
	"Slot29_s_prestomp_0":  { "File": "additional_frames.bmp", "Rect": "67,45,28,32", "Center": "15,18" },
	"Slot29_s_prestomp_1":  { "File": "additional_frames.bmp", "Rect": "97,45,29,32", "Center": "15,17" },
	"Slot29_s_stomp_0":  { "File": "additional_frames.bmp", "Rect": "128,53,30,51", "Center": "16,26" },
	"Slot29_s_stomp_1":  { "File": "additional_frames.bmp", "Rect": "160,53,30,51", "Center": "16,26" },
	"Slot29_s_boost_air":  { "File": "additional_frames.bmp", "Rect": "2,45,35,40", "Center": "20,25" },
	"Slot29_s_wall_latch_r":  { "File": "additional_frames.bmp", "Rect": "38,45,28,49", "Center": "11,26" },
	"Slot29_s_wall_latch_l":  { "File": "additional_frames.bmp", "Rect": "38,45,28,49", "Center": "12,26" },
	"Slot29_3d2d_prestomp_0":  { "File": "additional_frames.bmp", "Rect": "67,97,28,32", "Center": "15,18" },
	"Slot29_3d2d_prestomp_1":  { "File": "additional_frames.bmp", "Rect": "97,97,29,32", "Center": "15,17" },
	"Slot29_3d2d_stomp_0":  { "File": "additional_frames.bmp", "Rect": "128,105,30,51", "Center": "16,22" },
	"Slot29_3d2d_stomp_1":  { "File": "additional_frames.bmp", "Rect": "160,105,30,51", "Center": "16,22" },
	"Slot29_3d2d_boost_air":  { "File": "additional_frames.bmp", "Rect": "2,97,35,40", "Center": "20,25" },
	"Slot29_3d2d_wall_latch_r":  { "File": "additional_frames.bmp", "Rect": "38,97,28,43", "Center": "11,20" },
	"Slot29_3d2d_wall_latch_l":  { "File": "additional_frames.bmp", "Rect": "38,97,28,43", "Center": "12,20" },
	"Slot29_boost_start_0":  { "File": "effects.png", "Rect": "16,46,29,34", "Center": "14,17" },
	"Slot29_boost_start_1":  { "File": "effects.png", "Rect": "72,33,38,60", "Center": "22,30" },
	"Slot29_boost_start_2":  { "File": "effects.png", "Rect": "127,8,50,110", "Center": "32,51" },
	"Slot29_boost_start_3":  { "File": "effects.png", "Rect": "184,0,59,126", "Center": "38,63" },
	"Slot29_boost_start_4":  { "File": "effects.png", "Rect": "244,0,61,126", "Center": "38,63" },
	"Slot29_boost_start_5":  { "File": "effects.png", "Rect": "305,0,61,126", "Center": "38,63" },
	"Slot29_airdash_1":  { "File": "effects.png", "Rect": "2,127,12,12", "Center": "6,6" },
	"Slot29_airdash_2":  { "File": "effects.png", "Rect": "16,127,26,26", "Center": "13,13" },
	"Slot29_airdash_3":  { "File": "effects.png", "Rect": "44,127,38,38", "Center": "19,19" },
	"Slot29_airdash_4":  { "File": "effects.png", "Rect": "84,127,44,44", "Center": "22,22" },
	"Slot29_airdash_5":  { "File": "effects.png", "Rect": "130,130,48,48", "Center": "24,24" },
	"Slot29_airdash_6":  { "File": "effects.png", "Rect": "180,128,52,52", "Center": "26,26" },
	"Slot29_airdash_7":  { "File": "effects.png", "Rect": "234,127,54,54", "Center": "27,27" },
	"Slot29_drop_0":  { "File": "effects.png", "Rect": "138,204,43,20", "Center": "22,-3" },
	"Slot29_drop_1":  { "File": "effects.png", "Rect": "90,177,46,48", "Center": "23,25" },
	"Slot29_drop_2":  { "File": "effects.png", "Rect": "51,169,38,56", "Center": "19,33" },
	"Slot29_drop_3":  { "File": "effects.png", "Rect": "2,161,48,64", "Center": "24,41" },
	"Slot29_boost_0":  { "File": "effects.png", "Rect": "300,130,20,43", "Center": "-3,22" },
	"Slot29_boost_1":  { "File": "effects.png", "Rect": "326,127,48,46", "Center": "25,23" },
	"Slot29_boost_2":  { "File": "effects.png", "Rect": "255,183,56,38", "Center": "33,19" },
	"Slot29_boost_3":  { "File": "effects.png", "Rect": "314,177,64,48", "Center": "41,24" },
	"Slot29_target_1":  { "File": "target.png", "Rect": "0,0,602,591", "Center": "302,291" },
	"Slot29_target_2":  { "File": "target.png", "Rect": "619,0,462,458", "Center": "231,227" },
	"Slot29_target_3":  { "File": "target.png", "Rect": "1095,5,336,330", "Center": "168,164" },
	"Slot29_target_4":  { "File": "target.png", "Rect": "1202,363,229,226", "Center": "114,113" },
	"Slot29_target_5":  { "File": "target.png", "Rect": "1007,473,137,137", "Center": "69,69" },
	"Slot29_target_6":  { "File": "target.png", "Rect": "905,519,55,55", "Center": "28,28" },
	"Slot29_target_7":  { "File": "target.png", "Rect": "831,518,47,53", "Center": "24,29" },
	"Slot29_target_8":  { "File": "target.png", "Rect": "744,514,47,53", "Center": "24,29" }
}