{
		"superhog_springtwirl_0":  { "File": "superhog_spring.bmp", "Rect": "0,0,25,44", "Center": "12,22" },

	"superhog_springtwirl_1":  { "File": "superhog_spring.bmp", "Rect": "25,0,25,44", "Center": "12,22" },

	"superhog_springtwirl_2":  { "File": "superhog_spring.bmp", "Rect": "50,0,25,44", "Center": "12,22" },

	"superhog_springtwirl_3":  { "File": "superhog_spring.bmp", "Rect": "75,0,25,44", "Center": "12,22" },

	"superhog_springtwirl_4":  { "File": "superhog_spring.bmp", "Rect": "100,0,25,44", "Center": "12,22" },

	"superhog_springtwirl_5":  { "File": "superhog_spring.bmp", "Rect": "125,0,25,44", "Center": "12,22" },

  "superhog_springtwirl_6":  { "File": "superhog_spring.bmp", "Rect": "150,0,25,44", "Center": "12,22" },

  "superhog_springtwirl_7":  { "File": "superhog_spring.bmp", "Rect": "175,0,25,44", "Center": "12,22" },

  "superhog_springtwirl_8":  { "File": "superhog_spring.bmp", "Rect": "200,0,25,44", "Center": "12,22" },

  "superhog_springtwirl_9":  { "File": "superhog_spring.bmp", "Rect": "225,0,25,44", "Center": "12,22" },

}
