{
	// hyper Hog hyper peel-out sprites
	"hyperslot29_peelout_0": { "File": "character_hyperhog_peelout.bmp", "Rect": "8,120,40,40", "Center": "27,21" },
	"hyperslot29_peelout_1": { "File": "character_hyperhog_peelout.bmp", "Rect": "64,120,40,40", "Center": "27,21" },
	"hyperslot29_peelout_2": { "File": "character_hyperhog_peelout.bmp", "Rect": "120,120,40,40", "Center": "27,21" },
	"hyperslot29_peelout_3": { "File": "character_hyperhog_peelout.bmp", "Rect":"176,120,40,40", "Center": "27,21" }
}
