{
	"ESS_Char_Es29":  { "File": "Dataselect.png", "Rect": "0,0,32,40", "Center": "18,40" },
	"ESS_Life_Es29":  { "File": "ESS_Hog.png", "Rect": "0,0,16,16", "Center": "8,16" },
	"ESS_Cont_Es29":  { "File": "hud_text_sprites.png", "Rect": "0,82,20,24",  "Center": "12,24" },

	"ESS_Zone_Es29_0":  { "File": "Slot29cons_Finished.png", "Rect": "0,0,80,56", "Center": "40,28" },
	"ESS_Zone_Es29_1":  { "File": "Slot29cons_Finished.png", "Rect": "80,0,80,56", "Center": "40,28" },
	"ESS_Zone_Es29_2":  { "File": "character_slot29_hud.png", "Rect": "169,87,80,56", "Center": "40,28" },


	
}