{
	"comp_character_slot29_0x01": { "File": "comp_character_slot29.bmp", "Rect": "4,4,24,24", "Center": "12,12" },
	"comp_character_slot29_0x02": { "File": "comp_character_slot29.bmp", "Rect": "36,4,24,24", "Center": "12,12" },
	"comp_character_slot29_0x03": { "File": "comp_character_slot29.bmp", "Rect": "68,4,24,24", "Center": "12,12" },
	"comp_character_slot29_0x04": { "File": "comp_character_slot29.bmp", "Rect": "100,0,24,32", "Center": "12,16" },
	"comp_character_slot29_0x05": { "File": "comp_character_slot29.bmp", "Rect": "132,0,24,32", "Center": "12,16" },
	"comp_character_slot29_0x06": { "File": "comp_character_slot29.bmp", "Rect": "164,0,24,32", "Center": "12,16" },
	"comp_character_slot29_0x07": { "File": "comp_character_slot29.bmp", "Rect": "196,4,24,24", "Center": "12,12" },
	"comp_character_slot29_0x08": { "File": "comp_character_slot29.bmp", "Rect": "228,4,24,24", "Center": "12,12" },
	"comp_character_slot29_0x09": { "File": "comp_character_slot29.bmp", "Rect": "260,4,24,24", "Center": "12,12" },
	"comp_character_slot29_0x0a": { "File": "comp_character_slot29.bmp", "Rect": "288,4,32,24", "Center": "16,12" },
	"comp_character_slot29_0x0b": { "File": "comp_character_slot29.bmp", "Rect": "320,4,32,24", "Center": "16,12" },
	"comp_character_slot29_0x0c": { "File": "comp_character_slot29.bmp", "Rect": "352,4,32,24", "Center": "16,12" },
	"comp_character_slot29_0x0d": { "File": "comp_character_slot29.bmp", "Rect": "388,4,24,24", "Center": "12,12" },
	"comp_character_slot29_0x0e": { "File": "comp_character_slot29.bmp", "Rect": "420,4,24,24", "Center": "12,12" },
	"comp_character_slot29_0x0f": { "File": "comp_character_slot29.bmp", "Rect": "452,4,24,24", "Center": "12,12" },
	"comp_character_slot29_0x10": { "File": "comp_character_slot29.bmp", "Rect": "484,4,24,24", "Center": "12,12" },
	"comp_character_slot29_0x11": { "File": "comp_character_slot29.bmp", "Rect": "4,36,24,24", "Center": "12,12" },
	"comp_character_slot29_0x12": { "File": "comp_character_slot29.bmp", "Rect": "36,36,24,24", "Center": "12,12" },
	"comp_character_slot29_0x13": { "File": "comp_character_slot29.bmp", "Rect": "68,36,24,24", "Center": "12,12" },
	"comp_character_slot29_0x14": { "File": "comp_character_slot29.bmp", "Rect": "100,36,24,24", "Center": "12,12" },
	"comp_character_slot29_0x15": { "File": "comp_character_slot29.bmp", "Rect": "132,36,24,24", "Center": "12,12" },
	"comp_character_slot29_0x16": { "File": "comp_character_slot29.bmp", "Rect": "164,36,24,24", "Center": "12,12" },
	"comp_character_slot29_0x17": { "File": "comp_character_slot29.bmp", "Rect": "196,36,24,24", "Center": "12,12" },
	"comp_character_slot29_0x18": { "File": "comp_character_slot29.bmp", "Rect": "228,36,24,24", "Center": "12,12" },
	"comp_character_slot29_0x19": { "File": "comp_character_slot29.bmp", "Rect": "260,36,24,24", "Center": "12,12" },
	"comp_character_slot29_0x1a": { "File": "comp_character_slot29.bmp", "Rect": "292,36,24,24", "Center": "12,12" },
	"comp_character_slot29_0x1b": { "File": "comp_character_slot29.bmp", "Rect": "324,36,24,24", "Center": "12,12" },
	"comp_character_slot29_0x1c": { "File": "comp_character_slot29.bmp", "Rect": "356,36,24,24", "Center": "12,12" },
	"comp_character_slot29_0x1d": { "File": "comp_character_slot29.bmp", "Rect": "388,36,24,24", "Center": "12,12" },
	"comp_character_slot29_0x1e": { "File": "comp_character_slot29.bmp", "Rect": "420,36,24,24", "Center": "12,12" },
	"comp_character_slot29_0x1f": { "File": "comp_character_slot29.bmp", "Rect": "452,36,24,24", "Center": "12,12" },
	"comp_character_slot29_0x20": { "File": "comp_character_slot29.bmp", "Rect": "484,32,24,32", "Center": "12,16" },
	"comp_character_slot29_0x21": { "File": "comp_character_slot29.bmp", "Rect": "4,68,24,24", "Center": "12,12" },
	"comp_character_slot29_0x22": { "File": "comp_character_slot29.bmp", "Rect": "36,68,24,24", "Center": "12,12" },
	"comp_character_slot29_0x23": { "File": "comp_character_slot29.bmp", "Rect": "68,72,24,16", "Center": "12,4" },
	"comp_character_slot29_0x24": { "File": "comp_character_slot29.bmp", "Rect": "100,72,24,16", "Center": "12,4" },
	"comp_character_slot29_0x25": { "File": "comp_character_slot29.bmp", "Rect": "132,68,24,24", "Center": "12,12" },
	"comp_character_slot29_0x26": { "File": "comp_character_slot29.bmp", "Rect": "164,68,24,24", "Center": "12,12" },
	"comp_character_slot29_0x27": { "File": "comp_character_slot29.bmp", "Rect": "196,68,24,24", "Center": "12,12" },
	"comp_character_slot29_0x28": { "File": "comp_character_slot29.bmp", "Rect": "228,68,24,24", "Center": "12,12" },
	"comp_character_slot29_0x29": { "File": "comp_character_slot29.bmp", "Rect": "260,68,24,24", "Center": "12,12" },
	"comp_character_slot29_0x2a": { "File": "comp_character_slot29.bmp", "Rect": "292,68,24,24", "Center": "12,12" },
	"comp_character_slot29_0x2b": { "File": "comp_character_slot29.bmp", "Rect": "324,72,24,16", "Center": "12,4" }
}
