{
	"hog_wait20_0":  { "File": "hogwaitS2.bmp", "Rect": "0,0,36,39", "Center": "20,19" },
	"hog_wait20_1":  { "File": "hogwaitS2.bmp", "Rect": "36,0,36,39", "Center": "20,19" },
	"hog_wait20_2":  { "File": "hogwaitS2.bmp", "Rect": "72,0,36,39", "Center": "20,19" },
	"hog_wait20_3":  { "File": "hogwaitS2.bmp", "Rect": "108,0,36,39", "Center": "20,19" },
	"hog_wait20_4":  { "File": "hogwaitS2.bmp", "Rect": "144,0,36,39", "Center": "20,19" },
	"hog_wait21_0":  { "File": "hogwaitS2.bmp", "Rect": "180,0,36,39", "Center": "20,19" },
	"hog_wait21_1":  { "File": "hogwaitS2.bmp", "Rect": "216,0,36,39", "Center": "20,19" },
	"hog_wait21_2":  { "File": "hogwaitS2.bmp", "Rect": "252,0,36,39", "Center": "20,19" },
	"hog_wait21_3":  { "File": "hogwaitS2.bmp", "Rect": "288,0,36,39", "Center": "20,19" },
	"hog_wait21_4":  { "File": "hogwaitS2.bmp", "Rect": "324,0,36,39", "Center": "20,19" },
	"hog_wait22_0":  { "File": "hogwaitS2.bmp", "Rect": "180,0,36,39", "Center": "20,19" },
	"hog_wait22_1":  { "File": "hogwaitS2.bmp", "Rect": "180,0,36,39", "Center": "20,19" },
	"hog_wait22_2":  { "File": "hogwaitS2.bmp", "Rect": "180,0,36,39", "Center": "20,19" },
	"hog_wait22_3":  { "File": "hogwaitS2.bmp", "Rect": "180,0,36,39", "Center": "20,19" },
	"hog_wait23_0":  { "File": "hogwaitS2.bmp", "Rect": "360,0,40,39", "Center": "24,19" },
	"hog_wait23_1":  { "File": "hogwaitS2.bmp", "Rect": "400,0,40,39", "Center": "24,19" },
	"hog_wait23_2":  { "File": "hogwaitS2.bmp", "Rect": "440,0,40,39", "Center": "24,19" },
	"hog_wait23_3":  { "File": "hogwaitS2.bmp", "Rect": "480,0,40,39", "Center": "24,19" },
	"hog_wait24_0":  { "File": "hogwaitS2.bmp", "Rect": "520,0,40,39", "Center": "24,19" },
	"hog_wait24_1":  { "File": "hogwaitS2.bmp", "Rect": "560,0,40,39", "Center": "24,19" },
	"hog_wait24_2":  { "File": "hogwaitS2.bmp", "Rect": "600,0,40,39", "Center": "24,19" },
	"hog_wait24_3":  { "File": "hogwaitS2.bmp", "Rect": "640,0,40,39", "Center": "24,19" },
	"hog_wait24_4":  { "File": "hogwaitS2.bmp", "Rect": "680,0,40,39", "Center": "24,19" },
	"hog_wait24_5":  { "File": "hogwaitS2.bmp", "Rect": "720,0,40,39", "Center": "24,19" }
}