{
	"Metadata":
	{
		"Name": "Extra Slot Hog",
		"Author": "HogHedge",
		"Description": "Hog traveled using the Specter Emerald/Bootleg Phantom Ruby then he and his friends Prowler and Fists ended up on Angel Island Hog,Prowler and Fists looked confuse then Hog told Prowler to adventure out and find the Cyclone/ Bootleg Tornado meanwhile Fists walked away in search for the Power Rubies meanwhile back in the void Scorched transported to Angel Island to take out Hog and his friends including Yolkman who is just waiting for Hog to arrive",
		"URL": "https://sonic3air.boards.net/thread/396/extra-slot-hog-sonic-air",
		"ModVersion": "I WILL NOT BE REPLACED",
},
	"Settings":
    {
		"List":
    	[
	    	{
				"InternalName": "Hog The Changer",
				"DisplayName": "Chose Whatever",
				"Variable": "HogPalette",
				"DefaultValue": "0",
				"Options":
	    		{
					"0x00": "Hog",
					"0x01": "Ashura",
          "0x02": "Burning",
          "0x03": "CA22",
          "0x04": "Chaos Hog",
          "0x05": "Chill",
          "0x06": "Emperor X/Hoggifed Lord X",
          "0x07": "Extra Life",
          "0x08": "Majin",
          "0x09": "War Hog Mkll",
			 "0x0a": "Hog with Miracle Hog",
			 "0x0b": "Scorched",
			 "0x0c": "SMS",
			 "0x0d": "Wechina",
                }
	    		},
			    {
				"InternalName": "Hog Partner",
				"DisplayName": "Partner For Hog",
				"Variable": "HogPartner",
				"DefaultValue": "0",
				"Category": "Gameplay",
				"Options":
				{
					"0": "No",
					"1": "Yes",
				}
			},
    		{
				"InternalName": "HogDrip",
				"DisplayName": "Shoes",
				"Variable": "Hog_Speed_Shoes",
				"DefaultValue": "0",
				"Category": "Misc.",				
				"Options":
				{
					"0": "Unique",
					"1": "Don't use this,"
				}
			},
			{
				"InternalName": "WaitNStuff", //i wanna hurt someone
				"DisplayName": "Idle Animation:",
				"Variable": "Cwait",
				"DefaultValue": "0",
				"Category": "Animations",				
				"Options":
				{
					"0": "Hog 3 and Fists", 
					"1": "Hog 2",
				}
			},
			{
				"InternalName": "Blood Eyed Hog or Power Hog",
				"DisplayName": "Power Hog Sprite Type",
				"Variable": "Hogsupertype",
				"Category": "Appearance",
				"DefaultValue": "1",
				"Options":
				{
					"0": "Spring1815's Version",
					"1": "Power Hog"
				}
			},
			{
				"InternalName": "Hog Peelout",
				"DisplayName": "Peelout Sprite Type",
				"Variable": "HogPeelout",
				"Category": "Appearance",
				"DefaultValue": "0",				
				"Options":
				{
					"0": "Lilac Peelout",
					"1": "Hog Animation Peelout"
				}
			},
			{
				"InternalName": "Hog Dropdash",
				"DisplayName": "Dropdash Sprite Type",
				"Variable": "HogDropdash",
				"Category": "Animations",
				"DefaultValue": "0",				
				"Options":
				{
					"0": "Spinning Boi",
					"1": "Smush Ball"
				}
			},
			{
				"InternalName": "Hog or Another Hog",
				"DisplayName": "Hog Sprite Type",
				"Variable": "Hognormaltype",
				"Category": "Appearance",
				"DefaultValue": "1",
				"Options":
				{
					"0": "Old Hog",
					"1": "Unreal Sprites "
				}
			},
			
		]
	},
    

}
