{
	"slot29_3dlookup_0_0":  { "File": "hog_3dcrouchlookup.bmp", "Rect": "245,38,30,37", "Center": "18,17" },
	"slot29_3dlookup_0_1":  { "File": "hog_3dcrouchlookup.bmp", "Rect": "215,38,29,37", "Center": "16,17" },
	"slot29_3dlookup_0_2":  { "File": "hog_3dcrouchlookup.bmp", "Rect": "189,38,25,37", "Center": "14,17" },
	"slot29_3dlookup_0_3":  { "File": "hog_3dcrouchlookup.bmp", "Rect": "166,38,22,37", "Center": "12,17" },
	"slot29_3dlookup_0_4":  { "File": "hog_3dcrouchlookup.bmp", "Rect": "51,38,27,37", "Center": "12,17" },
	"slot29_3dlookup_0_5":  { "File": "hog_3dcrouchlookup.bmp", "Rect": "25,38,25,37", "Center": "12,17" },
	"slot29_3dlookup_0_6":  { "File": "hog_3dcrouchlookup.bmp", "Rect": "1,38,23,37", "Center": "12,17" },
	"slot29_3dlookup_1_0":  { "File": "hog_3dcrouchlookup.bmp", "Rect": "244,1,31,36", "Center": "19,16" },
	"slot29_3dlookup_1_1":  { "File": "hog_3dcrouchlookup.bmp", "Rect": "214,1,29,36", "Center": "16,16" },
	"slot29_3dlookup_1_2":  { "File": "hog_3dcrouchlookup.bmp", "Rect": "189,1,24,36", "Center": "13,16" },
	"slot29_3dlookup_1_3":  { "File": "hog_3dcrouchlookup.bmp", "Rect": "166,1,22,36", "Center": "12,16" },
	"slot29_3dlookup_1_4":  { "File": "hog_3dcrouchlookup.bmp", "Rect": "50,1,28,36", "Center": "12,16" },
	"slot29_3dlookup_1_5":  { "File": "hog_3dcrouchlookup.bmp", "Rect": "24,1,25,36", "Center": "12,16" },
	"slot29_3dlookup_1_6":  { "File": "hog_3dcrouchlookup.bmp", "Rect": "1,1,22,36", "Center": "12,16" },
	"slot29_3dcrouch_0_0":  { "File": "hog_3dcrouchlookup.bmp", "Rect": "241,76,22,34", "Center": "10,14" },
	"slot29_3dcrouch_0_1":  { "File": "hog_3dcrouchlookup.bmp", "Rect": "216,76,24,34", "Center": "10,14" },
	"slot29_3dcrouch_0_2":  { "File": "hog_3dcrouchlookup.bmp", "Rect": "190,76,25,34", "Center": "12,14" },
	"slot29_3dcrouch_0_3":  { "File": "hog_3dcrouchlookup.bmp", "Rect": "166,76,23,34", "Center": "12,14" },
	"slot29_3dcrouch_0_4":  { "File": "hog_3dcrouchlookup.bmp", "Rect": "65,76,26,34", "Center": "14,14" },
	"slot29_3dcrouch_0_5":  { "File": "hog_3dcrouchlookup.bmp", "Rect": "38,76,26,34", "Center": "14,14" },
	"slot29_3dcrouch_0_6":  { "File": "hog_3dcrouchlookup.bmp", "Rect": "12,76,25,34", "Center": "13,14" },
	"slot29_3dcrouch_1_0":  { "File": "hog_3dcrouchlookup.bmp", "Rect": "243,111,29,26", "Center": "10,6" },
	"slot29_3dcrouch_1_1":  { "File": "hog_3dcrouchlookup.bmp", "Rect": "215,111,27,26", "Center": "10,6" },
	"slot29_3dcrouch_1_2":  { "File": "hog_3dcrouchlookup.bmp", "Rect": "191,111,23,26", "Center": "9,6" },
	"slot29_3dcrouch_1_3":  { "File": "hog_3dcrouchlookup.bmp", "Rect": "168,111,22,26", "Center": "12,6" },
	"slot29_3dcrouch_1_4":  { "File": "hog_3dcrouchlookup.bmp", "Rect": "59,111,26,26", "Center": "16,6" },
	"slot29_3dcrouch_1_5":  { "File": "hog_3dcrouchlookup.bmp", "Rect": "36,111,22,26", "Center": "13,6" },
	"slot29_3dcrouch_1_6":  { "File": "hog_3dcrouchlookup.bmp", "Rect": "12,111,23,26", "Center": "12,6" }
}