{
	"monitor_hog_shoe":  { "File": "Hog_shoe.bmp", "Rect": "0,0,16,16", "Center": "8,8" },
	"monitor_hogA_shoe":  { "File": "HogA_shoe.bmp", "Rect": "0,0,16,16", "Center": "8,8" },
   "monitor_hogB_shoe":  { "File": "HogB_shoe.bmp", "Rect": "0,0,16,16", "Center": "8,8" },
   "monitor_hogC_shoe":  { "File": "HogC_shoe.bmp", "Rect": "0,0,16,16", "Center": "8,8" },
   "monitor_hogE_shoe":  { "File": "HogE_shoe.bmp", "Rect": "0,0,16,16", "Center": "8,8" },
   "monitor_hogM_shoe":  { "File": "HogM_shoe.bmp", "Rect": "0,0,16,16", "Center": "8,8" },
   "monitor_hogS_shoe":  { "File": "HogS_shoe.bmp", "Rect": "0,0,16,16", "Center": "8,8" },
   "monitor_hogMS_shoe":  { "File": "HogSms_shoe.bmp", "Rect": "0,0,16,16", "Center": "8,8" },
   "monitor_hogW_shoe":  { "File": "HogW_shoe.bmp", "Rect": "0,0,16,16", "Center": "8,8" },

	
}
