{
	"dataSel_savePortrait_slot29":  { "File": "Slot29cons_Finished.png", "Rect": "0,0,80,56", "Center": "40,28" },
	"dataSel_savePortrait_superslot29":  { "File": "Slot29cons_Finished.png", "Rect": "80,0,80,56", "Center": "40,28" },
	"Clear_slot29":  { "File": "Slot29cons_Finished.png", "Rect": "160,56,80,56", "Center": "40,28" },
	
	"ESS_Zone_Es29_0":  { "File": "Slot29cons_Finished.png", "Rect": "0,0,80,56", "Center": "40,28" },
	"ESS_Zone_Es29_1":  { "File": "Slot29cons_Finished.png", "Rect": "80,0,80,56", "Center": "40,28" },
	"ESS_Zone_Es29_2":  { "File": "Slot29cons_Finished.png", "Rect": "160,56,80,56", "Center": "40,28" }
	
	
	
}