{
   //bumper of blue spheres
   "bump_slot29_0x00":  { "File": "bumper.png", "Rect": "0,0,16,16", "Center": "8,8" },
	"bump_slot29_0x01":  { "File": "bumper.png", "Rect": "24,0,16,16", "Center": "8,8" },
	"bump_slot29_0x02":  { "File": "bumper.png", "Rect": "48,0,16,16", "Center": "8,8" },
	"bump_slot29_0x03":  { "File": "bumper.png", "Rect": "72,0,16,16", "Center": "8,8" },
	"bump_slot29_0x04":  { "File": "bumper.png", "Rect": "96,0,16,16", "Center": "8,8" },
	"bump_slot29_0x05":  { "File": "bumper.png", "Rect": "120,0,16,16", "Center": "8,8" },
	"bump_slot29_0x06":  { "File": "bumper.png", "Rect": "144,0,16,16", "Center": "8,8" },
	"bump_slot29_0x07":  { "File": "bumper.png", "Rect": "168,0,16,16", "Center": "8,8" },
}