{
	// hyper Hog hyper peel-out sprites
	"character_hyperslot29_0x21": { "File": "character_hyperhog_peelout.bmp", "Rect": "8,120,40,40", "Center": "27,21" },
	"character_hyperslot29_0x22": { "File": "character_hyperhog_peelout.bmp", "Rect": "64,120,40,40", "Center": "27,21" },
	"character_hyperslot29_0x23": { "File": "character_hyperhog_peelout.bmp", "Rect": "120,120,40,40", "Center": "27,21" },
	"character_hyperslot29_0x24": { "File": "character_hyperhog_peelout.bmp", "Rect":"176,120,40,40", "Center": "27,21" }
}
