{
	"character_hyperslot29_0x01":  { "File": "character_hyperhog.bmp", "Rect": "8,7,40,46", "Center": "20,25" },
	"character_hyperslot29_0x02":  { "File": "character_hyperhog.bmp", "Rect": "64,7,40,46", "Center": "19,25" },
	"character_hyperslot29_0x03":  { "File": "character_hyperhog.bmp", "Rect": "124,8,32,45", "Center": "21,23" },
	"character_hyperslot29_0x04":  { "File": "character_hyperhog.bmp", "Rect": "180,9,32,44", "Center": "20,24" },
	"character_hyperslot29_0x05":  { "File": "character_hyperhog.bmp", "Rect": "232,7,40,46", "Center": "20,25" },
	"character_hyperslot29_0x06":  { "File": "character_hyperhog.bmp", "Rect": "288,7,40,46", "Center": "21,25" },
	"character_hyperslot29_0x07":  { "File": "character_hyperhog.bmp", "Rect": "348,8,32,45", "Center": "21,23" },
	"character_hyperslot29_0x08":  { "File": "character_hyperhog.bmp", "Rect": "404,7,32,46", "Center": "19,26" },
	"character_hyperslot29_0x09":  { "File": "character_hyperhog.bmp", "Rect": "452,0,48,56", "Center": "27,29" },
	"character_hyperslot29_0x0a":  { "File": "character_hyperhog.bmp", "Rect": "504,4,56,48", "Center": "29,24" },
	"character_hyperslot29_0x0b":  { "File": "character_hyperhog.bmp", "Rect": "564,8,48,40", "Center": "27,21" },
	"character_hyperslot29_0x0c":  { "File": "character_hyperhog.bmp", "Rect": "616,4,56,48", "Center": "29,28" },
	"character_hyperslot29_0x0d":  { "File": "character_hyperhog.bmp", "Rect": "676,0,48,56", "Center": "29,29" },
	"character_hyperslot29_0x0e":  { "File": "character_hyperhog.bmp", "Rect": "728,4,56,48", "Center": "28,20" },
	"character_hyperslot29_0x0f":  { "File": "character_hyperhog.bmp", "Rect": "788,4,48,48", "Center": "27,28" },
	"character_hyperslot29_0x10":  { "File": "character_hyperhog.bmp", "Rect": "840,6,52,42", "Center": "30,23" },
	"character_hyperslot29_0x11":  { "File": "character_hyperhog.bmp", "Rect": "4,64,48,40", "Center": "28,20" },
	"character_hyperslot29_0x12":  { "File": "character_hyperhog.bmp", "Rect": "60,64,48,40", "Center": "27,20" },
	"character_hyperslot29_0x13":  { "File": "character_hyperhog.bmp", "Rect": "116,68,48,32", "Center": "25,12" },
	"character_hyperslot29_0x14":  { "File": "character_hyperhog.bmp", "Rect": "172,67,48,34", "Center": "28,14" },
	"character_hyperslot29_0x15":  { "File": "character_hyperhog.bmp", "Rect": "228,63,48,42", "Center": "28,22" },
	"character_hyperslot29_0x16":  { "File": "character_hyperhog.bmp", "Rect": "284,63,48,41", "Center": "27,21" },
	"character_hyperslot29_0x17":  { "File": "character_hyperhog.bmp", "Rect": "340,68,48,32", "Center": "26,12" },
	"character_hyperslot29_0x18":  { "File": "character_hyperhog.bmp", "Rect": "396,68,48,32", "Center": "28,12" },
	"character_hyperslot29_0x19":  { "File": "character_hyperhog.bmp", "Rect": "448,60,56,48", "Center": "29,20" },
	"character_hyperslot29_0x1a":  { "File": "character_hyperhog.bmp", "Rect": "508,56,48,56", "Center": "24,26" },
	"character_hyperslot29_0x1b":  { "File": "character_hyperhog.bmp", "Rect": "568,60,40,48", "Center": "20,21" },
	"character_hyperslot29_0x1c":  { "File": "character_hyperhog.bmp", "Rect": "620,56,48,56", "Center": "28,28" },
	"character_hyperslot29_0x1d":  { "File": "character_hyperhog.bmp", "Rect": "672,60,56,48", "Center": "29,20" },
	"character_hyperslot29_0x1e":  { "File": "character_hyperhog.bmp", "Rect": "732,56,48,56", "Center": "20,29" },
	"character_hyperslot29_0x1f":  { "File": "character_hyperhog.bmp", "Rect": "788,60,48,48", "Center": "27,21" },
	"character_hyperslot29_0x20":  { "File": "character_hyperhog.bmp", "Rect": "846,60,42,52", "Center": "23,21" },
	"character_hyperslot29_0x21":  { "File": "character_hyperhog.bmp", "Rect": "8,120,41,40", "Center": "27,21" },
	"character_hyperslot29_0x22":  { "File": "character_hyperhog.bmp", "Rect": "64,120,41,40", "Center": "27,21" },
	"character_hyperslot29_0x23":  { "File": "character_hyperhog.bmp", "Rect": "120,120,41,40", "Center": "27,21" },
	"character_hyperslot29_0x24":  { "File": "character_hyperhog.bmp", "Rect": "176,120,41,40", "Center": "27,21" },
	"character_hyperslot29_0x25":  { "File": "character_hyperhog.bmp", "Rect": "232,116,40,48", "Center": "28,22" },
	"character_hyperslot29_0x26":  { "File": "character_hyperhog.bmp", "Rect": "288,116,40,48", "Center": "28,23" },
	"character_hyperslot29_0x27":  { "File": "character_hyperhog.bmp", "Rect": "344,116,40,48", "Center": "28,22" },
	"character_hyperslot29_0x28":  { "File": "character_hyperhog.bmp", "Rect": "400,116,40,48", "Center": "28,23" },
	"character_hyperslot29_0x29":  { "File": "character_hyperhog.bmp", "Rect": "456,120,40,40", "Center": "21,12" },
	"character_hyperslot29_0x2a":  { "File": "character_hyperhog.bmp", "Rect": "512,120,40,40", "Center": "21,12" },
	"character_hyperslot29_0x2b":  { "File": "character_hyperhog.bmp", "Rect": "568,120,40,40", "Center": "21,12" },
	"character_hyperslot29_0x2c":  { "File": "character_hyperhog.bmp", "Rect": "624,120,40,40", "Center": "21,12" },
	"character_hyperslot29_0x2d":  { "File": "character_hyperhog.bmp", "Rect": "676,120,48,40", "Center": "22,12" },
	"character_hyperslot29_0x2e":  { "File": "character_hyperhog.bmp", "Rect": "732,120,48,40", "Center": "23,12" },
	"character_hyperslot29_0x2f":  { "File": "character_hyperhog.bmp", "Rect": "788,120,48,40", "Center": "22,12" },
	"character_hyperslot29_0x30":  { "File": "character_hyperhog.bmp", "Rect": "844,120,48,40", "Center": "23,12" },
	"character_hyperslot29_0x31":  { "File": "character_hyperhog.bmp", "Rect": "10,172,34,44", "Center": "16,24" },
	"character_hyperslot29_0x32":  { "File": "character_hyperhog.bmp", "Rect": "60,176,40,40", "Center": "21,22" },
	"character_hyperslot29_0x33":  { "File": "character_hyperhog.bmp", "Rect": "121,180,35,32", "Center": "18,16" },
	"character_hyperslot29_0x34":  { "File": "character_hyperhog.bmp", "Rect": "177,179,37,34", "Center": "18,18" },
	"character_hyperslot29_0x35":  { "File": "character_hyperhog.bmp", "Rect": "234,180,34,37", "Center": "16,17" },
	"character_hyperslot29_0x36":  { "File": "character_hyperhog.bmp", "Rect": "289,176,35,44", "Center": "18,22" },
	"character_hyperslot29_0x37":  { "File": "character_hyperhog.bmp", "Rect": "344,176,36,45", "Center": "19,21" },
	"character_hyperslot29_0x38":  { "File": "character_hyperhog.bmp", "Rect": "403,176,30,40", "Center": "17,18" },
	"character_hyperslot29_0x39":  { "File": "character_hyperhog.bmp", "Rect": "459,177,33,35", "Center": "16,17" },
	"character_hyperslot29_0x3a":  { "File": "character_hyperhog.bmp", "Rect": "516,180,33,33", "Center": "19,16" },
	"character_hyperslot29_0x3b":  { "File": "character_hyperhog.bmp", "Rect": "576,176,28,40", "Center": "15,20" },
	"character_hyperslot29_0x3c":  { "File": "character_hyperhog.bmp", "Rect": "630,175,30,41", "Center": "15,21" },
	"character_hyperslot29_0x3d":  { "File": "character_hyperhog.bmp", "Rect": "684,172,28,48", "Center": "18,26" },
	"character_hyperslot29_0x3e":  { "File": "character_hyperhog.bmp", "Rect": "743,175,25,37", "Center": "14,21" },
	"character_hyperslot29_0x3f":  { "File": "character_hyperhog.bmp", "Rect": "794,179,34,33", "Center": "19,16" },
	"character_hyperslot29_0x40":  { "File": "character_hyperhog.bmp", "Rect": "849,180,35,32", "Center": "19,14" },
	"character_hyperslot29_0x41":  { "File": "character_hyperhog.bmp", "Rect": "10,232,34,40", "Center": "18,17" },
	"character_hyperslot29_0x42":  { "File": "character_hyperhog.bmp", "Rect": "67,232,33,44", "Center": "17,20" },
	"character_hyperslot29_0x43":  { "File": "character_hyperhog.bmp", "Rect": "126,232,26,41", "Center": "13,20" },
	"character_hyperslot29_0x44":  { "File": "character_hyperhog.bmp", "Rect": "184,236,24,32", "Center": "12,16" },
	"character_hyperslot29_0x45":  { "File": "character_hyperhog.bmp", "Rect": "236,240,32,24", "Center": "14,10" },
	"character_hyperslot29_0x46":  { "File": "character_hyperhog.bmp", "Rect": "294,236,26,32", "Center": "15,13" },
	"character_hyperslot29_0x47":  { "File": "character_hyperhog.bmp", "Rect": "347,232,29,40", "Center": "18,21" },
	"character_hyperslot29_0x48":  { "File": "character_hyperhog.bmp", "Rect": "399,227,37,45", "Center": "21,25" },
	"character_hyperslot29_0x49":  { "File": "character_hyperhog.bmp", "Rect": "456,228,40,43", "Center": "19,24" },
	"character_hyperslot29_0x4a":  { "File": "character_hyperhog.bmp", "Rect": "516,219,34,50", "Center": "14,29" },
	"character_hyperslot29_0x4b":  { "File": "character_hyperhog.bmp", "Rect": "572,231,32,37", "Center": "15,23" },
	"character_hyperslot29_0x4c":  { "File": "character_hyperhog.bmp", "Rect": "625,234,35,34", "Center": "16,17" },
	"character_hyperslot29_0x4d":  { "File": "character_hyperhog.bmp", "Rect": "682,236,34,32", "Center": "17,18" },
	"character_hyperslot29_0x4e":  { "File": "character_hyperhog.bmp", "Rect": "736,235,36,36", "Center": "18,19" },
	"character_hyperslot29_0x4f":  { "File": "character_hyperhog.bmp", "Rect": "792,232,40,44", "Center": "20,24" },
	"character_hyperslot29_0x50":  { "File": "character_hyperhog.bmp", "Rect": "848,232,40,40", "Center": "17,21" },
	"character_hyperslot29_0x51":  { "File": "character_hyperhog.bmp", "Rect": "12,291,32,38", "Center": "13,18" },
	"character_hyperslot29_0x52":  { "File": "character_hyperhog.bmp", "Rect": "68,291,32,33", "Center": "13,19" },
	"character_hyperslot29_0x53":  { "File": "character_hyperhog.bmp", "Rect": "120,289,40,35", "Center": "18,17" },
	"character_hyperslot29_0x54":  { "File": "character_hyperhog.bmp", "Rect": "176,288,40,36", "Center": "18,18" },
	"character_hyperslot29_0x55":  { "File": "character_hyperhog.bmp", "Rect": "230,283,38,45", "Center": "22,25" },
	"character_hyperslot29_0x56":  { "File": "character_hyperhog.bmp", "Rect": "287,283,37,45", "Center": "22,25" },
	"character_hyperslot29_0x57":  { "File": "character_hyperhog.bmp", "Rect": "347,284,33,44", "Center": "17,24" },
	"character_hyperslot29_0x58":  { "File": "character_hyperhog.bmp", "Rect": "408,284,24,44", "Center": "13,24" },
	"character_hyperslot29_0x59":  { "File": "character_hyperhog.bmp", "Rect": "460,284,35,44", "Center": "17,24" },
	"character_hyperslot29_0x5a":  { "File": "character_hyperhog.bmp", "Rect": "516,284,32,44", "Center": "18,24" },
	"character_hyperslot29_0x5b":  { "File": "character_hyperhog.bmp", "Rect": "576,284,24,44", "Center": "13,24" },
	"character_hyperslot29_0x5c":  { "File": "character_hyperhog.bmp", "Rect": "620,296,50,24", "Center": "20,11" },
	"character_hyperslot29_0x5d":  { "File": "character_hyperhog.bmp", "Rect": "684,296,32,24", "Center": "11,12" },
	"character_hyperslot29_0x5e":  { "File": "character_hyperhog.bmp", "Rect": "736,296,40,24", "Center": "17,12" },
	"character_hyperslot29_0x5f":  { "File": "character_hyperhog.bmp", "Rect": "785,296,51,24", "Center": "23,11" },
	"character_hyperslot29_0x60":  { "File": "character_hyperhog.bmp", "Rect": "852,296,32,24", "Center": "12,12" },
	"character_hyperslot29_0x61":  { "File": "character_hyperhog.bmp", "Rect": "8,352,40,24", "Center": "20,12" },
	"character_hyperslot29_0x62":  { "File": "character_hyperhog.bmp", "Rect": "64,344,42,36", "Center": "20,20" },
	"character_hyperslot29_0x63":  { "File": "character_hyperhog.bmp", "Rect": "128,340,24,50", "Center": "11,24" },
	"character_hyperslot29_0x64":  { "File": "character_hyperhog.bmp", "Rect": "184,348,24,32", "Center": "13,15" },
	"character_hyperslot29_0x65":  { "File": "character_hyperhog.bmp", "Rect": "240,344,24,40", "Center": "12,21" },
	"character_hyperslot29_0x66":  { "File": "character_hyperhog.bmp", "Rect": "296,337,24,51", "Center": "11,27" },
	"character_hyperslot29_0x67":  { "File": "character_hyperhog.bmp", "Rect": "352,348,24,32", "Center": "13,16" },
	"character_hyperslot29_0x68":  { "File": "character_hyperhog.bmp", "Rect": "408,344,24,40", "Center": "13,24" },
	"character_hyperslot29_0x69":  { "File": "character_hyperhog.bmp", "Rect": "455,344,37,40", "Center": "21,20" },
	"character_hyperslot29_0x6a":  { "File": "character_hyperhog.bmp", "Rect": "507,344,41,40", "Center": "25,20" },
	"character_hyperslot29_0x6b":  { "File": "character_hyperhog.bmp", "Rect": "569,348,35,32", "Center": "24,20" },
	"character_hyperslot29_0x6c":  { "File": "character_hyperhog.bmp", "Rect": "617,348,43,33", "Center": "22,17" },
	"character_hyperslot29_0x6d":  { "File": "character_hyperhog.bmp", "Rect": "676,348,44,32", "Center": "23,16" },
	"character_hyperslot29_0x6e":  { "File": "character_hyperhog.bmp", "Rect": "736,348,40,32", "Center": "20,14" },
	"character_hyperslot29_0x6f":  { "File": "character_hyperhog.bmp", "Rect": "796,348,35,32", "Center": "13,17" },
	"character_hyperslot29_0x70":  { "File": "character_hyperhog.bmp", "Rect": "851,348,33,32", "Center": "14,15" },
	"character_hyperslot29_0x71":  { "File": "character_hyperhog.bmp", "Rect": "8,404,40,32", "Center": "20,15" },
	"character_hyperslot29_0x72":  { "File": "character_hyperhog.bmp", "Rect": "64,404,40,32", "Center": "20,18" },
	"character_hyperslot29_0x73":  { "File": "character_hyperhog.bmp", "Rect": "120,404,44,34", "Center": "23,17" },
	"character_hyperslot29_0x74":  { "File": "character_hyperhog.bmp", "Rect": "177,404,38,38", "Center": "18,19" },
	"character_hyperslot29_0x75":  { "File": "character_hyperhog.bmp", "Rect": "240,404,32,35", "Center": "16,17" },
	"character_hyperslot29_0x76":  { "File": "character_hyperhog.bmp", "Rect": "291,404,33,37", "Center": "16,17" },
	"character_hyperslot29_0x77":  { "File": "character_hyperhog.bmp", "Rect": "343,408,37,29", "Center": "20,14" },
	"character_hyperslot29_0x78":  { "File": "character_hyperhog.bmp", "Rect": "395,396,45,48", "Center": "23,25" },
	"character_hyperslot29_0x79":  { "File": "character_hyperhog.bmp", "Rect": "448,400,55,40", "Center": "35,26" },
	"character_hyperslot29_0x7a":  { "File": "character_hyperhog.bmp", "Rect": "508,400,48,45", "Center": "26,23" },
	"character_hyperslot29_0x7b":  { "File": "character_hyperhog.bmp", "Rect": "568,394,40,54", "Center": "27,20" },
	"character_hyperslot29_0x7c":  { "File": "character_hyperhog.bmp", "Rect": "624,396,45,48", "Center": "23,22" },
	"character_hyperslot29_0x7d":  { "File": "character_hyperhog.bmp", "Rect": "674,400,54,40", "Center": "22,13" },
	"character_hyperslot29_0x7e":  { "File": "character_hyperhog.bmp", "Rect": "732,396,48,44", "Center": "23,21" },
	"character_hyperslot29_0x7f":  { "File": "character_hyperhog.bmp", "Rect": "792,392,40,54", "Center": "13,32" },
	"character_hyperslot29_0x80":  { "File": "character_hyperhog.bmp", "Rect": "847,392,41,52", "Center": "18,28" },
	"character_hyperslot29_0x81":  { "File": "character_hyperhog.bmp", "Rect": "6,451,38,49", "Center": "24,25" },
	"character_hyperslot29_0x82":  { "File": "character_hyperhog.bmp", "Rect": "68,452,32,48", "Center": "20,24" },
	"character_hyperslot29_0x83":  { "File": "character_hyperhog.bmp", "Rect": "120,450,40,50", "Center": "22,26" },
	"character_hyperslot29_0x84":  { "File": "character_hyperhog.bmp", "Rect": "180,450,32,50", "Center": "19,27" },
	"character_hyperslot29_0x85":  { "File": "character_hyperhog.bmp", "Rect": "232,449,36,51", "Center": "21,27" },
	"character_hyperslot29_0x86":  { "File": "character_hyperhog.bmp", "Rect": "292,460,32,32", "Center": "12,8" },
	"character_hyperslot29_0x87":  { "File": "character_hyperhog.bmp", "Rect": "348,460,32,32", "Center": "12,8" },
	"character_hyperslot29_0x88":  { "File": "character_hyperhog.bmp", "Rect": "404,460,32,32", "Center": "12,8" },
	"character_hyperslot29_0x89":  { "File": "character_hyperhog.bmp", "Rect": "460,460,32,32", "Center": "12,8" },
	"character_hyperslot29_0x8a":  { "File": "character_hyperhog.bmp", "Rect": "516,460,32,32", "Center": "12,8" },
	"character_hyperslot29_0x8b":  { "File": "character_hyperhog.bmp", "Rect": "572,460,32,32", "Center": "12,8" },
	"character_hyperslot29_0x8c":  { "File": "character_hyperhog.bmp", "Rect": "624,454,40,43", "Center": "20,23" },
	"character_hyperslot29_0x8d":  { "File": "character_hyperhog.bmp", "Rect": "680,454,40,43", "Center": "20,23" },
	"character_hyperslot29_0x8e":  { "File": "character_hyperhog.bmp", "Rect": "732,452,36,48", "Center": "27,24" },
	"character_hyperslot29_0x8f":  { "File": "character_hyperhog.bmp", "Rect": "783,458,48,34", "Center": "32,20" },
	"character_hyperslot29_0x90":  { "File": "character_hyperhog.bmp", "Rect": "847,452,37,48", "Center": "21,24" },
	"character_hyperslot29_0x91":  { "File": "character_hyperhog.bmp", "Rect": "3,508,45,48", "Center": "21,26" },
	"character_hyperslot29_0x92":  { "File": "character_hyperhog.bmp", "Rect": "64,512,42,40", "Center": "21,27" },
	"character_hyperslot29_0x93":  { "File": "character_hyperhog.bmp", "Rect": "119,513,37,35", "Center": "21,27" },
	"character_hyperslot29_0x94":  { "File": "character_hyperhog.bmp", "Rect": "180,508,32,50", "Center": "16,24" },
	"character_hyperslot29_0x95":  { "File": "character_hyperhog.bmp", "Rect": "239,508,25,50", "Center": "10,24" },
	"character_hyperslot29_0x96":  { "File": "character_hyperhog.bmp", "Rect": "292,516,32,32", "Center": "16,16" },
	"character_hyperslot29_0x97":  { "File": "character_hyperhog.bmp", "Rect": "348,516,32,32", "Center": "16,16" },
	"character_hyperslot29_0x98":  { "File": "character_hyperhog.bmp", "Rect": "404,516,32,32", "Center": "16,16" },
	"character_hyperslot29_0x99":  { "File": "character_hyperhog.bmp", "Rect": "460,516,32,32", "Center": "16,16" },
	"character_hyperslot29_0x9a":  { "File": "character_hyperhog.bmp", "Rect": "516,516,32,32", "Center": "16,16" },
	"character_hyperslot29_0x9b":  { "File": "character_hyperhog.bmp", "Rect": "568,508,40,40", "Center": "21,20" },
	"character_hyperslot29_0x9c":  { "File": "character_hyperhog.bmp", "Rect": "624,516,40,32", "Center": "16,12" },
	"character_hyperslot29_0x9d":  { "File": "character_hyperhog.bmp", "Rect": "680,509,40,43", "Center": "19,24" },
	"character_hyperslot29_0x9e":  { "File": "character_hyperhog.bmp", "Rect": "736,509,40,43", "Center": "18,24" },
	"character_hyperslot29_0x9f":  { "File": "character_hyperhog.bmp", "Rect": "796,511,32,41", "Center": "15,22" },
	"character_hyperslot29_0xa0":  { "File": "character_hyperhog.bmp", "Rect": "852,508,32,44", "Center": "17,24" },
	"character_hyperslot29_0xa1":  { "File": "character_hyperhog.bmp", "Rect": "7,564,42,48", "Center": "24,27" },
	"character_hyperslot29_0xa2":  { "File": "character_hyperhog.bmp", "Rect": "63,564,42,48", "Center": "24,27" },
	"character_hyperslot29_0xa3":  { "File": "character_hyperhog.bmp", "Rect": "120,564,40,48", "Center": "22,27" },
	"character_hyperslot29_0xa4":  { "File": "character_hyperhog.bmp", "Rect": "175,564,42,48", "Center": "24,27" },
	"character_hyperslot29_0xa5":  { "File": "character_hyperhog.bmp", "Rect": "231,564,42,48", "Center": "24,27" },
	"character_hyperslot29_0xa6":  { "File": "character_hyperhog.bmp", "Rect": "288,564,40,48", "Center": "22,27" },
	"character_hyperslot29_0xa7":  { "File": "character_hyperhog.bmp", "Rect": "344,563,40,45", "Center": "16,25" },
	"character_hyperslot29_0xa8":  { "File": "character_hyperhog.bmp", "Rect": "400,563,40,45", "Center": "16,25" },
	"character_hyperslot29_0xa9":  { "File": "character_hyperhog.bmp", "Rect": "456,568,40,40", "Center": "16,20" },
	"character_hyperslot29_0xaa":  { "File": "character_hyperhog.bmp", "Rect": "504,572,56,28", "Center": "26,16" },
	"character_hyperslot29_0xab":  { "File": "character_hyperhog.bmp", "Rect": "560,572,56,28", "Center": "26,16" },
	"character_hyperslot29_0xac":  { "File": "character_hyperhog.bmp", "Rect": "621,564,43,44", "Center": "23,24" },
	"character_hyperslot29_0xad":  { "File": "character_hyperhog.bmp", "Rect": "684,568,32,40", "Center": "18,20" },
	"character_hyperslot29_0xae":  { "File": "character_hyperhog.bmp", "Rect": "740,568,32,40", "Center": "18,20" },
	"character_hyperslot29_0xaf":  { "File": "character_hyperhog.bmp", "Rect": "792,568,40,40", "Center": "26,20" },
	"character_hyperslot29_0xb0":  { "File": "character_hyperhog.bmp", "Rect": "852,568,32,40", "Center": "22,20" },
	"character_hyperslot29_0xb1":  { "File": "character_hyperhog.bmp", "Rect": "12,624,32,40", "Center": "17,20" },
	"character_hyperslot29_0xb2":  { "File": "character_hyperhog.bmp", "Rect": "68,624,32,40", "Center": "17,20" },
	"character_hyperslot29_0xb3":  { "File": "character_hyperhog.bmp", "Rect": "124,624,32,40", "Center": "17,20" },
	"character_hyperslot29_0xb4":  { "File": "character_hyperhog.bmp", "Rect": "184,616,28,56", "Center": "11,26" },
	"character_hyperslot29_0xb5":  { "File": "character_hyperhog.bmp", "Rect": "240,616,28,56", "Center": "11,26" },
	"character_hyperslot29_0xb6":  { "File": "character_hyperhog.bmp", "Rect": "292,620,32,48", "Center": "19,28" },
	"character_hyperslot29_0xb7":  { "File": "character_hyperhog.bmp", "Rect": "348,620,32,48", "Center": "19,27" },
	"character_hyperslot29_0xb8":  { "File": "character_hyperhog.bmp", "Rect": "404,620,32,48", "Center": "19,28" },
	"character_hyperslot29_0xb9":  { "File": "character_hyperhog.bmp", "Rect": "460,620,32,48", "Center": "19,27" },
	"character_hyperslot29_0xba":  { "File": "character_hyperhog.bmp", "Rect": "512,620,40,48", "Center": "24,28" },
	"character_hyperslot29_0xbb":  { "File": "character_hyperhog.bmp", "Rect": "568,620,40,48", "Center": "24,28" },
	"character_hyperslot29_0xbc":  { "File": "character_hyperhog.bmp", "Rect": "624,620,40,48", "Center": "24,28" },
	"character_hyperslot29_0xbd":  { "File": "character_hyperhog.bmp", "Rect": "680,620,40,48", "Center": "24,28" },
	"character_hyperslot29_0xbe":  { "File": "character_hyperhog.bmp", "Rect": "736,620,40,48", "Center": "24,28" },
	"character_hyperslot29_0xbf":  { "File": "character_hyperhog.bmp", "Rect": "792,620,40,48", "Center": "24,28" },
	"character_hyperslot29_0xc0":  { "File": "character_hyperhog.bmp", "Rect": "848,620,40,48", "Center": "24,28" },
	"character_hyperslot29_0xc1":  { "File": "character_hyperhog.bmp", "Rect": "8,676,40,48", "Center": "24,28" },
	"character_hyperslot29_0xc2":  { "File": "character_hyperhog.bmp", "Rect": "64,676,40,48", "Center": "24,28" },
	"character_hyperslot29_0xc3":  { "File": "character_hyperhog.bmp", "Rect": "118,677,40,43", "Center": "27,23" },
	"character_hyperslot29_0xc4":  { "File": "character_hyperhog.bmp", "Rect": "171,678,45,42", "Center": "32,20" },
	"character_hyperslot29_0xc5":  { "File": "character_hyperhog.bmp", "Rect": "232,676,40,48", "Center": "24,28" },
	"character_hyperslot29_0xc6":  { "File": "character_hyperhog.bmp", "Rect": "288,676,40,48", "Center": "24,28" },
	"character_hyperslot29_0xc7":  { "File": "character_hyperhog.bmp", "Rect": "344,676,40,48", "Center": "24,28" },
	"character_hyperslot29_0xc8":  { "File": "character_hyperhog.bmp", "Rect": "396,682,48,34", "Center": "29,18" },
	"character_hyperslot29_0xc9":  { "File": "character_hyperhog.bmp", "Rect": "456,683,42,33", "Center": "20,17" },
	"character_hyperslot29_0xca":  { "File": "character_hyperhog.bmp", "Rect": "512,683,43,33", "Center": "20,17" },
	"character_hyperslot29_0xcb":  { "File": "character_hyperhog.bmp", "Rect": "566,683,42,33", "Center": "23,17" },
	"character_hyperslot29_0xcc":  { "File": "character_hyperhog.bmp", "Rect": "620,682,48,34", "Center": "18,18" },
	"character_hyperslot29_0xcd":  { "File": "character_hyperhog.bmp", "Rect": "680,683,40,33", "Center": "22,17" },
	"character_hyperslot29_0xce":  { "File": "character_hyperhog.bmp", "Rect": "740,683,33,33", "Center": "17,17" },
	"character_hyperslot29_0xcf":  { "File": "character_hyperhog.bmp", "Rect": "792,683,40,33", "Center": "17,17" },
	"character_hyperslot29_0xd0":  { "File": "character_hyperhog.bmp", "Rect": "848,678,40,43", "Center": "20,15" },
	"character_hyperslot29_0xd1":  { "File": "character_hyperhog.bmp", "Rect": "8,734,40,43", "Center": "20,15" },
	"character_hyperslot29_0xd2":  { "File": "character_hyperhog.bmp", "Rect": "72,740,24,32", "Center": "12,16" },
	"character_hyperslot29_0xd3":  { "File": "character_hyperhog.bmp", "Rect": "123,732,32,48", "Center": "14,24" },
	"character_hyperslot29_0xd4":  { "File": "character_hyperhog.bmp", "Rect": "180,732,32,48", "Center": "16,24" },
	"character_hyperslot29_0xd5":  { "File": "character_hyperhog.bmp", "Rect": "236,732,32,48", "Center": "16,24" },
	"character_hyperslot29_0xd6":  { "File": "character_hyperhog.bmp", "Rect": "292,732,32,48", "Center": "16,24" },
	"character_hyperslot29_0xd7":  { "File": "character_hyperhog.bmp", "Rect": "344,734,40,43", "Center": "24,19" },
	"character_hyperslot29_0xd8":  { "File": "character_hyperhog.bmp", "Rect": "400,734,40,43", "Center": "24,19" },
	"character_hyperslot29_0xd9":  { "File": "character_hyperhog.bmp", "Rect": "456,736,40,40", "Center": "24,20" },
	"character_hyperslot29_0xda":  { "File": "character_hyperhog.bmp", "Rect": "512,734,36,42", "Center": "20,22" },
	"character_hyperslot29_0xdb":  { "File": "character_hyperhog.bmp", "Rect": "568,734,36,42", "Center": "20,22" },
	"character_hyperslot29_0xdc":  { "File": "character_hyperhog.bmp", "Rect": "624,734,36,42", "Center": "20,22" },
	"character_hyperslot29_0xdd":  { "File": "character_hyperhog.bmp", "Rect": "680,734,36,42", "Center": "20,22" },
	"character_hyperslot29_0xde":  { "File": "character_hyperhog.bmp", "Rect": "736,734,36,42", "Center": "20,22" },
	"character_hyperslot29_0xdf":  { "File": "character_hyperhog.bmp", "Rect": "792,734,36,42", "Center": "20,22" },
	"character_hyperslot29_0xe0":  { "File": "character_hyperhog.bmp", "Rect": "855,736,25,36", "Center": "13,20" },
	"character_hyperslot29_0xe1":  { "File": "character_hyperhog.bmp", "Rect": "16,787,24,45", "Center": "12,25" },
	"character_hyperslot29_0xe2":  { "File": "character_hyperhog.bmp", "Rect": "68,789,32,43", "Center": "16,21" },
	"character_hyperslot29_0xe3":  { "File": "character_hyperhog.bmp", "Rect": "120,788,40,43", "Center": "20,21" },
	"character_hyperslot29_0xe4":  { "File": "character_hyperhog.bmp", "Rect": "174,788,38,48", "Center": "22,24" },
	"character_hyperslot29_0xe5":  { "File": "character_hyperhog.bmp", "Rect": "231,788,37,48", "Center": "21,24" },
	"character_hyperslot29_0xe6":  { "File": "character_hyperhog.bmp", "Rect": "291,788,33,48", "Center": "16,24" },
	"character_hyperslot29_0xe7":  { "File": "character_hyperhog.bmp", "Rect": "352,787,25,49", "Center": "12,25" },
	"character_hyperslot29_0xe8":  { "File": "character_hyperhog.bmp", "Rect": "404,788,35,48", "Center": "16,24" },
	"character_hyperslot29_0xe9":  { "File": "character_hyperhog.bmp", "Rect": "460,788,32,48", "Center": "16,24" },
	"character_hyperslot29_0xea":  { "File": "character_hyperhog.bmp", "Rect": "520,788,25,48", "Center": "12,24" },
	"character_hyperslot29_0xeb":  { "File": "character_hyperhog.bmp", "Rect": "568,788,40,48", "Center": "20,24" },
	"character_hyperslot29_0xec":  { "File": "character_hyperhog.bmp", "Rect": "620,792,48,40", "Center": "24,20" },
	"character_hyperslot29_0xed":  { "File": "character_hyperhog.bmp", "Rect": "684,788,32,48", "Center": "16,24" },
	"character_hyperslot29_0xee":  { "File": "character_hyperhog.bmp", "Rect": "732,792,48,40", "Center": "24,20" },
	"character_hyperslot29_0xef":  { "File": "character_hyperhog.bmp", "Rect": "793,792,39,40", "Center": "19,20" },
	"character_hyperslot29_0xf0":  { "File": "character_hyperhog.bmp", "Rect": "849,792,38,40", "Center": "20,20" },
	"character_hyperslot29_0xf1":  { "File": "character_hyperhog.bmp", "Rect": "10,848,35,40", "Center": "19,20" },
	"character_hyperslot29_0xf2":  { "File": "character_hyperhog.bmp", "Rect": "69,848,29,40", "Center": "15,20" },
	"character_hyperslot29_0xf3":  { "File": "character_hyperhog.bmp", "Rect": "123,848,35,40", "Center": "17,20" },
	"character_hyperslot29_0xf4":  { "File": "character_hyperhog.bmp", "Rect": "177,848,39,40", "Center": "19,20" },
	"character_hyperslot29_0xf5":  { "File": "character_hyperhog.bmp", "Rect": "232,848,39,40", "Center": "20,20" },
	"character_hyperslot29_0xf6":  { "File": "character_hyperhog.bmp", "Rect": "289,848,38,40", "Center": "19,20" },
	"character_hyperslot29_0xf7":  { "File": "character_hyperhog.bmp", "Rect": "348,848,32,40", "Center": "16,20" },
	"character_hyperslot29_0xf8":  { "File": "character_hyperhog.bmp", "Rect": "407,848,29,40", "Center": "14,21" },
	"character_hyperslot29_0xf9":  { "File": "character_hyperhog.bmp", "Rect": "460,848,32,40", "Center": "16,20" },
	"character_hyperslot29_0xfa":  { "File": "character_hyperhog.bmp", "Rect": "513,848,38,40", "Center": "19,20" }
}