{
	"Metadata":
	{
		"Name": "Extra Slot Hog",
		"Author": "HogHedge",
		"Description": "Hog somehow confused his world and Sonic's world and now he is here.",
		"URL": "I guess everyone forget about me.",
		"ModVersion": "I WILL NOT BE REPLACED",
},
	"Settings":
    {
		"List":
    	[
	    	{
				"InternalName": "Hog The Changer",
				"DisplayName": "Ooh Colors.",
				"Variable": "HogPalette",
				"DefaultValue": "0",
				"Options":
	    		{
					"0x00": "Hog",
					"0x01": "Ashura",
          "0x02": "Burning",
          "0x03": "Chaos Hog",
          "0x04": "Chill",
          "0x05": "Extra Life",
          "0x06": "Grayscale",
          "0x07": "Lord X",
          "0x08": "Majin",
          "0x09": "Maxwell",
			 "0x0a": "War Hog Mkll",
			 "0x0b": "Scorched",
			 "0x0c": "SMS",
			 "0x0d": "Wechina",
                }
	    		},
			    {
				"InternalName": "Hog Partner",
				"DisplayName": "Partner For Hog",
				"Variable": "HogPartner",
				"DefaultValue": "0",
				"Category": "Gameplay",
				"Options":
				{
					"0": "No",
					"1": "Yes",
				}
			},
			{
				"InternalName": "HogDrip",
				"DisplayName": "Shoes",
				"Variable": "Hog_Speed_Shoes",
				"DefaultValue": "0",
				"Category": "Misc.",				
				"Options":
				{
					"0": "Unique",
					"1": "Don't use this,"
				}
			},
			{
				"InternalName": "WaitNStuff", //i wanna hurt someone
				"DisplayName": "Idle Animation:",
				"Variable": "Cwait",
				"DefaultValue": "0",
				"Category": "Animations",				
				"Options":
				{
					"0": "Hog 3 and Fists", 
					"1": "Hog 2",
				}
			},
			{
				"InternalName": "Blood Eyed Hog or Power Hog",
				"DisplayName": "Power Hog Sprite Type",
				"Variable": "Hogsupertype",
				"Category": "Appearance",
				"DefaultValue": "1",
				"Options":
				{
					"0": "Spring1815's Version",
					"1": "Power Hog"
				}
			},
			{
				"InternalName": "Hog Peelout",
				"DisplayName": "Peelout Sprite Type",
				"Variable": "HogPeelout",
				"Category": "Appearance",
				"DefaultValue": "0",				
				"Options":
				{
					"0": "Lilac Peelout",
					"1": "Hog Animation Peelout"
				}
			},
			{
				"InternalName": "Hog Dropdash",
				"DisplayName": "Dropdash Sprite Type",
				"Variable": "HogDropdash",
				"Category": "Animations",
				"DefaultValue": "0",				
				"Options":
				{
					"0": "Spinning Boi",
					"1": "Smush Ball"
				}
			},
			{
				"InternalName": "Hog or Another Hog",
				"DisplayName": "Hog Sprite Type",
				"Variable": "Hognormaltype",
				"Category": "Appearance",
				"DefaultValue": "1",
				"Options":
				{
					"0": "Old Hog",
					"1": "Unreal Sprites "
				}
			},
			{
				"InternalName": "PeelOutAnim",
				"DisplayName": "Peel-Out Animation",
				"Variable": "option.PeelOutAnim",	// I found the script for the Invin Run but I decided to keep this because I like it.
				"DefaultValue": "0",
				"Options":
				{
					"0": "Off",
					"1": "On",
				}
			},			
	   ]
			
	},
    

}
