{
		"hog_springtwirl_0":  { "File": "hog_springtwirl.bmp", "Rect": "0,0,25,44", "Center": "12,22" },

	"hog_springtwirl_1":  { "File": "hog_springtwirl.bmp", "Rect": "25,0,25,44", "Center": "12,22" },

	"hog_springtwirl_2":  { "File": "hog_springtwirl.bmp", "Rect": "50,0,25,44", "Center": "12,22" },

	"hog_springtwirl_3":  { "File": "hog_springtwirl.bmp", "Rect": "75,0,25,44", "Center": "12,22" },

	"hog_springtwirl_4":  { "File": "hog_springtwirl.bmp", "Rect": "100,0,25,44", "Center": "12,22" },

	"hog_springtwirl_5":  { "File": "hog_springtwirl.bmp", "Rect": "125,0,25,44", "Center": "12,22" },

  "hog_springtwirl_6":  { "File": "hog_springtwirl.bmp", "Rect": "150,0,25,44", "Center": "12,22" },

  "hog_springtwirl_7":  { "File": "hog_springtwirl.bmp", "Rect": "175,0,25,44", "Center": "12,22" },

  "hog_springtwirl_8":  { "File": "hog_springtwirl.bmp", "Rect": "200,0,25,44", "Center": "12,22" },

  "hog_springtwirl_9":  { "File": "hog_springtwirl.bmp", "Rect": "225,0,25,44", "Center": "12,22" },

}
