{
	// Monitors
	"monitor_s3_intact": { "File": "monitors_slot29.bmp", "Rect":"0,0,32,32",   "Center": "16,16" },
	"monitor_s3_broken": { "File": "monitors_slot29.bmp", "Rect":"32,0,32,32",  "Center": "16,16" },
	"monitor_s2_intact": { "File": "monitors_slot29.bmp", "Rect":"0,32,32,32",  "Center": "16,16" },
	"monitor_s2_broken": { "File": "monitors_slot29.bmp", "Rect":"32,32,32,32", "Center": "16,16" },

	// Icons
	"monitor_icon_ring":            { "File": "monitors_slot29.bmp", "Rect":"64,0,16,16",  "Center": "8,8" },
	"monitor_icon_invincibility":   { "File": "monitors_slot29.bmp", "Rect":"96,0,16,16",  "Center": "8,8" },
	"monitor_icon_super":           { "File": "monitors_slot29.bmp", "Rect":"112,0,16,16", "Center": "8,8" },
	"monitor_icon_lightningshield": { "File": "monitors_slot29.bmp", "Rect":"64,16,16,16", "Center": "8,8" },
	"monitor_icon_fireshield":      { "File": "monitors_slot29.bmp", "Rect":"80,16,16,16", "Center": "8,8" },
	"monitor_icon_bubbleshield":    { "File": "monitors_slot29.bmp", "Rect":"96,16,16,16", "Center": "8,8" },
	"monitor_icon_classicshield":   { "File": "monitors_slot29.bmp", "Rect":"112,16,16,16","Center": "8,8" },
	"monitor_icon_slot29":           { "File": "monitors_slot29.bmp", "Rect":"64,32,16,16", "Center": "8,8" },
	"monitor_icon_static":          { "File": "monitors_slot29.bmp", "Rect":"64,48,16,16", "Center": "8,8" },
	"monitor_icon_robotnik":        { "File": "monitors_slot29.bmp", "Rect":"80,48,16,16", "Center": "8,8" }
}
