{
	"invinc_spark_0": {"File": "sparks_0.bmp", "Rect": "0,0,32,32", "Center": "11, 8",},
	"invinc_spark_1": {"File": "sparks_1.bmp", "Rect": "0,0,32,32", "Center": "11, 8",},
	"invinc_spark_2": {"File": "sparks_2.bmp", "Rect": "0,0,32,32", "Center": "11, 8",},
	"invinc_spark_4": {"File": "sparks_3.bmp", "Rect": "0,0,32,32", "Center": "11, 8",},
	"invinc_spark_6": {"File": "sparks_4.bmp", "Rect": "0,0,32,32", "Center": "11, 8",},
	"invinc_spark_8": {"File": "sparks_5.bmp", "Rect": "0,0,32,32", "Center": "7, 8",},
	"invinc_spark_c": {"File": "sparks_6.bmp", "Rect": "0,0,32,32", "Center": "7, 8",},
	"invinc_spark_10": {"File": "sparks_7.bmp", "Rect": "0,0,32,32", "Center": "-1, 0",},
}