{
	"superslot29_3dlookup_Power_0_0":  { "File": "superhog_3dcrouchlookup.bmp", "Rect": "307,41,39,40", "Center": "27,20" },
	"superslot29_3dlookup_Power_0_1":  { "File": "superhog_3dcrouchlookup.bmp", "Rect": "271,41,35,40", "Center": "23,20" },
	"superslot29_3dlookup_Power_0_2":  { "File": "superhog_3dcrouchlookup.bmp", "Rect": "240,41,30,40", "Center": "19,20" },
	"superslot29_3dlookup_Power_0_3":  { "File": "superhog_3dcrouchlookup.bmp", "Rect": "214,43,25,38", "Center": "13,18" },
	"superslot29_3dlookup_Power_0_4":  { "File": "superhog_3dcrouchlookup.bmp", "Rect": "70,41,36,40", "Center": "12,20" },
	"superslot29_3dlookup_Power_0_5":  { "File": "superhog_3dcrouchlookup.bmp", "Rect": "40,41,29,40", "Center": "12,20" },
	"superslot29_3dlookup_Power_0_6":  { "File": "superhog_3dcrouchlookup.bmp", "Rect": "13,42,26,39", "Center": "13,19" },
	"superslot29_3dlookup_Power_1_0":  { "File": "superhog_3dcrouchlookup.bmp", "Rect": "307,1,40,39", "Center": "28,19" },
	"superslot29_3dlookup_Power_1_1":  { "File": "superhog_3dcrouchlookup.bmp", "Rect": "270,1,36,39", "Center": "23,19" },
	"superslot29_3dlookup_Power_1_2":  { "File": "superhog_3dcrouchlookup.bmp", "Rect": "240,1,29,39", "Center": "18,19" },
	"superslot29_3dlookup_Power_1_3":  { "File": "superhog_3dcrouchlookup.bmp", "Rect": "214,2,25,38", "Center": "13,18" },
	"superslot29_3dlookup_Power_1_4":  { "File": "superhog_3dcrouchlookup.bmp", "Rect": "66,1,38,39", "Center": "12,19" },
	"superslot29_3dlookup_Power_1_5":  { "File": "superhog_3dcrouchlookup.bmp", "Rect": "34,1,31,39", "Center": "12,19" },
	"superslot29_3dlookup_Power_1_6":  { "File": "superhog_3dcrouchlookup.bmp", "Rect": "8,1,25,39", "Center": "13,19" },
	"superslot29_3dcrouch_Power_0_0":  { "File": "superhog_3dcrouchlookup.bmp", "Rect": "313,84,34,32", "Center": "19,12" },
	"superslot29_3dcrouch_Power_0_1":  { "File": "superhog_3dcrouchlookup.bmp", "Rect": "279,84,33,32", "Center": "19,12" },
	"superslot29_3dcrouch_Power_0_2":  { "File": "superhog_3dcrouchlookup.bmp", "Rect": "243,84,35,32", "Center": "20,12" },
	"superslot29_3dcrouch_Power_0_3":  { "File": "superhog_3dcrouchlookup.bmp", "Rect": "212,83,30,33", "Center": "16,13" },
	"superslot29_3dcrouch_Power_0_4":  { "File": "superhog_3dcrouchlookup.bmp", "Rect": "72,85,33,31", "Center": "15,11" },
	"superslot29_3dcrouch_Power_0_5":  { "File": "superhog_3dcrouchlookup.bmp", "Rect": "34,85,37,31", "Center": "17,11" },
	"superslot29_3dcrouch_Power_0_6":  { "File": "superhog_3dcrouchlookup.bmp", "Rect": "1,82,32,34", "Center": "16,14" },
	"superslot29_3dcrouch_Power_1_0":  { "File": "superhog_3dcrouchlookup.bmp", "Rect": "313,84,34,32", "Center": "19,12" },
	"superslot29_3dcrouch_Power_1_1":  { "File": "superhog_3dcrouchlookup.bmp", "Rect": "279,84,33,32", "Center": "19,12" },
	"superslot29_3dcrouch_Power_1_2":  { "File": "superhog_3dcrouchlookup.bmp", "Rect": "243,84,35,32", "Center": "20,12" },
	"superslot29_3dcrouch_Power_1_3":  { "File": "superhog_3dcrouchlookup.bmp", "Rect": "212,83,30,33", "Center": "16,13" },
	"superslot29_3dcrouch_Power_1_4":  { "File": "superhog_3dcrouchlookup.bmp", "Rect": "72,85,33,31", "Center": "15,11" },
	"superslot29_3dcrouch_Power_1_5":  { "File": "superhog_3dcrouchlookup.bmp", "Rect": "34,85,37,31", "Center": "17,11" },
	"superslot29_3dcrouch_Power_1_6":  { "File": "superhog_3dcrouchlookup.bmp", "Rect": "1,82,32,34", "Center": "16,14" }
}